asu_level,dbm,level,rsrp,rsrq,rssi,rssnr
45.348467343221444,-94.65153265677856,3.4187665886026544,-94.65153265677856,-10.370085870413739,-66.61292740046838,83.4088056206089
