asu_level,dbm,level,rsrp,rsrq,rssi,rssnr
12.370902418850356,12.370902418850356,0.9010912273526914,12.370902418850356,2.748814297922182,10.12647991761595,78.33558295399838
