rsrp,rsrq,rssi,rssnr,bandwidth
-100.9656992,-10.1070941,-73.04105394,100.3076289,15364.52841
