rsrp,rsrq,rssi,rssnr,bandwidth
13.29505769,2.429399554,12.07934297,79.45973288,4307.928701
